thesamovar = Dan Goodman <dan.goodman@ens.fr>
romainbrette = Romain Brette <romain.brette@ens.fr>
crossant = Cyrille Rossant <cyrille.rossant@ens.fr>
bfontaine = Bertrand Fontaine <bertrand.fontaine@ens.fr>
bgour = Boris Gourevitch <boris@pi314.net> 
emuller = Eilif Muller <eilif.mueller@epfl.ch>
vbenich = Victor Benichoux <victor.benichoux@ens.fr>
jlaudan = Jonathan Laudanski <jonathan.laudanski@googlemail.com>
mstimberg = Marcel Stimberg <marcel.stimberg@ens.fr>
